School,Context,Municipality,Grade
Escola Artística de Música do Conservatório Nacional,Favorável,Lisboa,4.07
Escola Artística do Conservatório de Música Calouste Gulbenkian,Favorável,Braga,3.94
Escola Básica Vasco da Gama,Favorável,Lisboa,3.92
Escola Básica e Secundária da Quinta das Flores,Favorável,Coimbra,3.92
Escola Secundária Infanta D. Maria,Favorável,Coimbra,3.91
Escola Secundária Dr. Mário Sacramento,Favorável,Aveiro,3.89
Escola Secundária Eça de Queirós,Favorável,Póvoa de Varzim,3.87
Escola Artística do Conservatório de Música do Porto,Favorável,Porto,3.81
Escola Básica Grão Vasco,Favorável,Viseu,3.81
Escola Básica e Secundária D. Filipa de Lencastre,Favorável,Lisboa,3.78
Escola Secundária D. Manuel I,Favorável,Beja,3.75
Escola Secundária Quinta das Palmeiras,Favorável,Covilhã,3.7
Escola Básica Francisco Torrinha,Favorável,Porto,3.64
Escola Secundária do Bocage,Favorável,Setúbal,3.63
Escola Secundária Carlos Amarante,Favorável,Braga,3.62
Escola Secundária Alves Martins,Favorável,Viseu,3.62
Escola Básica Frei Bartolomeu dos Mártires,Favorável,Viana do Castelo,3.61
Escola Secundária Dr. Joaquim de Carvalho,Favorável,Figueira da Foz,3.6
Escola Secundária Aurélia de Sousa,Favorável,Porto,3.6
Escola Básica Martim de Freitas,Favorável,Coimbra,3.58
Escola Secundária São Pedro,Favorável,Vila Real,3.58
Escola Secundária da Quinta do Marquês,Favorável,Oeiras,3.55
Escola Básica de Telheiras,Favorável,Lisboa,3.54
Escola Secundária José Gomes Ferreira,Favorável,Lisboa,3.52
Conservatório Nacional de Dança,Favorável,Lisboa,3.52
Escola Básica e Secundária Fernão de Magalhães,Favorável,Chaves,3.5
Escola Básica Professor João de Meira,Favorável,Guimarães,3.5
Escola Secundária Emídio Navarro,Favorável,Almada,3.5
Escola Básica da Abelheira,Favorável,Viana do Castelo,3.5
Escola Básica Afonso de Paiva,Favorável,Castelo Branco,3.49
Escola Básica Eugénio de Castro,Favorável,Coimbra,3.48
Escola Básica Dr. Joaquim R. Peixoto Magalhães,Favorável,Faro,3.48
Escola Secundária Pedro Nunes,Favorável,Lisboa,3.47
Escola Secundária João Silva Correia,Favorável,São João da Madeira,3.46
Escola Básica Infante D. Henrique,Favorável,Viseu,3.46
Escola Básica e Secundária Fontes Pereira de Melo,Favorável,Porto,3.44
Escola Secundária da Mealhada,Favorável,Mealhada,3.44
Escola Secundária João Gonçalves Zarco,Favorável,Matosinhos,3.44
Escola Secundária José Estevão,Favorável,Aveiro,3.42
Escola Secundária Camilo Castelo Branco,Favorável,Vila Real,3.41
Escola Secundária Emídio Navarro,Favorável,Viseu,3.4
Escola Básica e Secundária de Montemor-o-Velho,Favorável,Montemor-o-Velho,3.4
Escola Secundária Raúl Proença,Favorável,Caldas da Rainha,3.4
Escola Básica e Secundária Henrique Sommer,Favorável,Leiria,3.4
Escola Básica de Gueifães,Favorável,Maia,3.39
Escola Básica e Secundária Clara de Resende,Favorável,Porto,3.39
Escola Secundária Almeida Garrett,Favorável,Vila Nova de Gaia,3.37
Escola Básica Professor Doutor Egas Moniz,Favorável,Estarreja,3.37
Escola Secundária de Miraflores,Favorável,Oeiras,3.36
Escola Básica Carlos Gargaté,Favorável,Almada,3.35
Escola Secundária Henrique Medina,Favorável,Esposende,3.35
Escola Secundária Garcia de Orta,Favorável,Porto,3.34
Escola Básica Egas Moniz,Favorável,Guimarães,3.34
Escola Secundária António Damásio,Favorável,Lisboa,3.33
Escola Básica Júlio Brandão,Favorável,Vila Nova de Famalicão,3.32
Escola Básica e Secundária Josefa de Óbidos,Favorável,Lisboa,3.32
Escola Secundária Afonso de Albuquerque,Favorável,Guarda,3.32
Escola Básica Dr. Ruy de Andrade,Favorável,Entroncamento,3.31
Escola Básica Alto dos Moinhos,Favorável,Sintra,3.3
Escola Secundária Dr. Joaquim Gomes Ferreira Alves,Favorável,Vila Nova de Gaia,3.3
Escola Básica da Senhora da Hora,Favorável,Matosinhos,3.29
Escola Básica Soares dos Reis,Favorável,Vila Nova de Gaia,3.29
Escola Secundária Sebastião e Silva,Favorável,Oeiras,3.29
Escola Secundária Augusto Gomes,Favorável,Matosinhos,3.29
Escola Secundária Rocha Peixoto,Favorável,Póvoa de Varzim,3.29
Escola Básica Professor Noronha Feio,Favorável,Oeiras,3.29
Escola Básica Cidade de Castelo Branco,Favorável,Castelo Branco,3.28
Escola Básica Roque Gameiro,Favorável,Amadora,3.28
Escola Secundária Manuel da Fonseca,Favorável,Santiago do Cacém,3.27
Escola Secundária Rainha D. Amélia,Favorável,Lisboa,3.27
Escola Secundária Mouzinho da Silveira,Favorável,Portalegre,3.27
Escola Básica José Saraiva,Favorável,Leiria,3.26
Escola Básica D. Pedro I,Favorável,Vila Nova de Gaia,3.26
Escola Básica e Secundária de Águas Santas,Favorável,Maia,3.26
Escola Secundária da Maia,Favorável,Maia,3.25
Escola Secundária Homem Cristo,Favorável,Aveiro,3.25
Escola Secundária Dr. José Macedo Fragateiro,Favorável,Ovar,3.25
Escola Básica Dr. Flávio Gonçalves,Favorável,Póvoa de Varzim,3.25
Escola Básica João de Barros,Favorável,Figueira da Foz,3.25
Escola Básica Dr. José Domingues dos Santos,Favorável,Matosinhos,3.25
Escola Secundária Nuno Álvares,Favorável,Castelo Branco,3.24
Escola Secundária Sá da Bandeira,Favorável,Santarém,3.24
Escola Básica Fernando Pessoa,Favorável,Santa Maria da Feira,3.23
Escola Básica e Secundária Oliveira Júnior,Favorável,São João da Madeira,3.23
Escola Secundária Adolfo Portela,Favorável,Águeda,3.23
Escola Secundária José Falcão,Favorável,Coimbra,3.23
Escola Básica de Aradas,Favorável,Aveiro,3.22
Escola Secundária D. Maria II,Favorável,Braga,3.22
Escola Secundária do Restelo,Favorável,Lisboa,3.22
Escola Secundária Filipa de Vilhena,Favorável,Porto,3.22
Escola Básica e Secundária Dr. Manuel Laranjeira,Favorável,Espinho,3.21
Escola Básica André Soares,Favorável,Braga,3.21
Escola Secundária Severim de Faria,Favorável,Évora,3.21
Escola Secundária do Castêlo da Maia,Favorável,Maia,3.2
Escola Secundária Gabriel Pereira,Favorável,Évora,3.2
Escola Básica Vasco da Gama,Favorável,Sines,3.2
Escola Básica Gonçalo Mendes da Maia,Favorável,Maia,3.2
Escola Secundária Dr. Ginestal Machado,Favorável,Santarém,3.19
Escola Secundária do Fundão,Favorável,Fundão,3.19
Escola Básica D. Pedro IV,Favorável,Sintra,3.19
Escola Básica D. Dinis,Favorável,Leiria,3.18
Escola Secundária do Entroncamento,Favorável,Entroncamento,3.18
Escola Básica Marquês de Marialva,Favorável,Cantanhede,3.17
Escola Básica e Secundária de Búzio,Favorável,Vale de Cambra,3.17
Escola Básica da Bobadela,Favorável,Loures,3.17
Escola Básica Dr.ª Maria Alice Gouveia,Favorável,Coimbra,3.17
Escola Básica Pêro de Alenquer,Favorável,Alenquer,3.16
Escola Básica e Secundária Artur Gonçalves,Favorável,Torres Novas,3.16
Escola Secundária Prof. José Augusto Lucas,Favorável,Oeiras,3.16
Escola Básica Engº Fernando Pinto de Oliveira,Favorável,Matosinhos,3.15
Escola Secundária Gil Eanes,Favorável,Lagos,3.15
Escola Básica Dr. Pedro Barbosa,Favorável,Viana do Castelo,3.15
Escola Básica Dr. José dos Santos Bessa,Favorável,Montemor-o-Velho,3.15
Escola Básica n.º 2 de Mealhada,Favorável,Mealhada,3.15
Escola Básica e Secundária da Batalha,Favorável,Batalha,3.15
Escola Secundária Marquesa de Alorna,Favorável,Almeirim,3.15
Escola Secundária Emídio Garcia,Favorável,Bragança,3.14
Escola Básica D. João II,Favorável,Santarém,3.14
Escola Básica D. Martinho Castelo Branco,Favorável,Portimão,3.14
Escola Básica Conde de Oeiras,Favorável,Oeiras,3.13
Escola Básica de Santa Clara,Favorável,Évora,3.13
Escola Secundária Madeira Torres,Favorável,Torres Vedras,3.13
Escola Secundária Rainha D. Leonor,Favorável,Lisboa,3.12
Escola Básica Engº Duarte Pacheco,Favorável,Loulé,3.12
Escola Secundária Jorge Peixinho,Favorável,Montijo,3.12
Escola Básica Inês de Castro,Favorável,Coimbra,3.12
Escola Básica de Lamaçães,Favorável,Braga,3.11
Escola Básica Carlos Ribeiro,Favorável,Seixal,3.11
Escola Secundária Diogo de Gouveia,Favorável,Beja,3.11
Escola Secundária Amato Lusitano,Favorável,Castelo Branco,3.11
Escola Básica n.º 2 de Pampilhosa,Favorável,Mealhada,3.11
Escola Básica Dr. António Chora Barroso,Favorável,Torres Novas,3.1
Escola Secundária da Ramada,Favorável,Odivelas,3.1
Escola Básica e Secundária Eng. Dionísio Augusto Cunha,Favorável,Nelas,3.1
Escola Básica Fernando Pessoa,Favorável,Lisboa,3.1
Escola Básica Quinta da Lomba,Favorável,Barreiro,3.1
Escola Secundária do Arco Iris,Favorável,Loures,3.09
Escola Básica da Venda do Pinheiro,Favorável,Mafra,3.09
Escola Básica Alfredo da Silva,Favorável,Sintra,3.09
Escola Básica de Santo António,Favorável,Faro,3.09
Escola Básica de Mafra,Favorável,Mafra,3.09
Escola Secundária de Santa Maria do Olival,Favorável,Tomar,3.09
Escola Básica e Secundária de Vila Nova de Cerveira,Favorável,Vila Nova de Cerveira,3.08
Escola Secundária Camilo Castelo Branco,Favorável,Oeiras,3.07
Escola Básica e Secundária de Carcavelos,Favorável,Cascais,3.07
Escola Básica e Secundária Dr. Jaime Magalhães Lima,Favorável,Aveiro,3.06
Escola Básica D. Martim Fernandes,Favorável,Albufeira,3.06
Escola Básica e Secundária Luís de Camões,Favorável,Constância,3.06
Escola Secundária Dr. José Afonso,Favorável,Seixal,3.06
Escola Básica de Gualtar,Favorável,Braga,3.06
Escola Básica de Corroios,Favorável,Seixal,3.05
Escola Básica Sophia de Mello Breyner,Favorável,Vila Nova de Gaia,3.05
Escola Secundária Dr. António Carvalho Figueiredo,Favorável,Loures,3.05
Escola Básica D. Dinis,Favorável,Loulé,3.05
Escola Secundária Daniel Sampaio,Favorável,Almada,3.05
Escola Secundária Maria Lamas,Favorável,Torres Novas,3.05
Escola Secundária de São Pedro do Sul,Favorável,São Pedro do Sul,3.05
Escola Secundária da Boa Nova,Favorável,Matosinhos,3.05
Escola Básica João Villaret,Favorável,Loures,3.04
Escola Secundária Rainha Santa Isabel,Favorável,Estremoz,3.04
Escola Básica Júlio Dinis,Favorável,Gondomar,3.04
Escola Secundária Alberto Sampaio,Favorável,Braga,3.04
Escola Secundária Conde de Monsaraz,Favorável,Reguengos de Monsaraz,3.03
Escola Secundária de Gafanha da Nazaré,Favorável,Ílhavo,3.03
Escola Secundária Luís de Freitas Branco,Favorável,Oeiras,3.03
Escola Básica D. João II,Favorável,Caldas da Rainha,3.03
Escola Básica Prof. Dr. António Sena Faria de Vasconcelos,Favorável,Castelo Branco,3.02
Escola Secundária de Pombal,Favorável,Pombal,3.02
Escola Secundária Viriato,Favorável,Viseu,3.02
Escola Básica de São João da Madeira,Favorável,São João da Madeira,3.02
Escola Básica e Secundária Dr. João Brito Camacho,Favorável,Almodôvar,3.01
Escola Secundária Engº Acácio Calazans Duarte,Favorável,Marinha Grande,3.01
Escola Básica dos Moinhos da Arroja,Favorável,Odivelas,3.01
Escola Básica e Secundária Amélia Rey Colaço,Favorável,Oeiras,3.01
Escola Básica Maria Veleda,Favorável,Loures,3.01
Escola Básica e Secundária da Cidadela,Favorável,Cascais,3.0
Escola Básica Alexandre Herculano,Favorável,Santarém,3.0
Escola Básica e Secundária de Ourique,Favorável,Ourique,3.0
Escola Básica Luís de Camões,Favorável,Lisboa,2.99
Escola Secundária Fernão Mendes Pinto,Favorável,Almada,2.99
Escola Secundária Padre António Macedo,Favorável,Santiago do Cacém,2.99
Escola Básica El-Rei D. Manuel I,Favorável,Alcochete,2.99
Escola Básica de Santa Iria de Azóia,Favorável,Loures,2.98
Escola Secundária de Estarreja,Favorável,Estarreja,2.97
Escola Básica Pedro Jacques de Magalhães,Favorável,Vila Franca de Xira,2.97
Escola Básica Vasco Santana,Favorável,Odivelas,2.97
Escola Secundária de Fernando Namora,Favorável,Condeixa-a-Nova,2.97
Escola Básica António Bento Franco,Favorável,Mafra,2.96
Escola Básica e Secundária da Bemposta,Favorável,Portimão,2.96
Escola Secundária Dr.ª Maria Cândida,Favorável,Mira,2.96
Escola Básica e Secundária D. Maria II,Favorável,Vila Nova da Barquinha,2.96
Escola Secundária de Castro Verde,Favorável,Castro Verde,2.96
Escola Básica de S. Vicente-Telheiras,Favorável,Lisboa,2.95
Escola Básica Prof. Dr. Aníbal Cavaco Silva,Favorável,Loulé,2.94
Escola Secundária de Senhora da Hora,Favorável,Matosinhos,2.93
Escola Básica de Nogueira,Favorável,Braga,2.93
Escola Básica de Azeitão,Favorável,Setúbal,2.93
Escola Básica Professor Delfim Santos,Favorável,Lisboa,2.93
Escola Secundária de Palmela,Favorável,Palmela,2.93
Escola Secundária Sebastião da Gama,Favorável,Setúbal,2.92
Escola Básica D. António da Costa,Favorável,Almada,2.92
Escola Básica das Piscinas,Favorável,Lisboa,2.92
Escola Básica D. Carlos I,Favorável,Sintra,2.92
Escola Básica e Secundária Ibn Mucana,Favorável,Cascais,2.92
Escola Básica e Secundária de Ourém,Favorável,Ourém,2.91
Escola Básica n.º 2 de Taveiro,Favorável,Coimbra,2.91
Escola Básica Colares,Favorável,Sintra,2.91
Escola Básica e Secundária Martinho Árias,Favorável,Soure,2.91
Escola Secundária Poeta Al Berto,Favorável,Sines,2.91
Escola Básica e Secundária Anselmo de Andrade,Favorável,Almada,2.91
Escola Básica de Cascais,Favorável,Cascais,2.9
Escola Básica e Secundária Dr. Vieira de Carvalho,Favorável,Maia,2.9
Escola Básica e Secundária Prof. Reynaldo dos Santos,Favorável,Vila Franca de Xira,2.9
Escola Secundária Fernando Lopes Graça,Favorável,Cascais,2.9
Escola Secundária António Gedeão,Favorável,Almada,2.9
Escola Básica Almeida Garrett,Favorável,Amadora,2.9
Escola Básica de Santo António,Favorável,Cascais,2.89
Escola Secundária de Caneças,Favorável,Odivelas,2.88
Escola Secundária Stuart de Carvalhais,Favorável,Sintra,2.88
Escola Básica e Secundária Dr. Manuel Fernandes,Favorável,Abrantes,2.88
Escola Básica Professor José Buísel,Favorável,Portimão,2.87
Escola Básica de Bucelas,Favorável,Loures,2.87
Escola Básica Elias Garcia,Favorável,Almada,2.87
Escola Secundária de Pinhal Novo,Favorável,Palmela,2.86
Escola Secundária de Afonso Lopes Vieira,Favorável,Leiria,2.86
Escola Básica e Secundária Gama Barros,Favorável,Sintra,2.85
Escola Secundária D. João II,Favorável,Setúbal,2.85
Escola Básica D. Afonso III,Favorável,Faro,2.85
Escola Básica Navegador Rodrigues Soromenho,Favorável,Sesimbra,2.85
Escola Básica Prof. Alberto Nery Capucho,Favorável,Marinha Grande,2.85
Escola Básica António Gedeão,Favorável,Odivelas,2.83
Escola Secundária João de Barros,Favorável,Seixal,2.83
Escola Básica Vale de Milhaços,Favorável,Seixal,2.83
Escola Secundária do Cartaxo,Favorável,Cartaxo,2.83
Escola Básica Álvaro Velho,Favorável,Barreiro,2.83
Escola Secundária de Mirandela,Favorável,Mirandela,2.83
Escola Secundária de Benavente,Favorável,Benavente,2.83
Escola Secundária Eça de Queirós,Favorável,Lisboa,2.83
Escola Básica de Santa Maria,Favorável,Beja,2.83
Escola Básica D. Manuel I,Favorável,Tavira,2.82
Escola Secundária D. Duarte,Favorável,Coimbra,2.82
Escola Básica Quinta de Marrocos,Favorável,Lisboa,2.82
Escola Básica da Alapraia,Favorável,Cascais,2.82
Escola Básica Padre José Rota,Favorável,Vila Franca de Xira,2.82
Escola Secundária São Lourenço,Favorável,Portalegre,2.82
Escola Secundária Manuel Cargaleiro,Favorável,Seixal,2.82
Escola Secundária Poeta Joaquim Serra,Favorável,Montijo,2.82
Escola Secundária Ferreira Dias,Favorável,Sintra,2.81
Escola Básica e Secundária D. Martinho Vaz de Castelo Branco,Favorável,Vila Franca de Xira,2.81
Escola Básica de Paderne,Favorável,Albufeira,2.8
Escola Básica Nuno Gonçalves,Favorável,Lisboa,2.8
Escola Básica de Santiago Maior,Favorável,Beja,2.8
Escola Básica São Bruno,Favorável,Oeiras,2.8
Escola Secundária da Azambuja,Favorável,Azambuja,2.8
Escola Básica Gaspar Correia,Favorável,Loures,2.8
Escola Básica e Secundária Mestre Martins Correia,Favorável,Golegã,2.79
Escola Secundária Padre António Vieira,Favorável,Lisboa,2.79
Escola Básica da Boa Água,Favorável,Sesimbra,2.79
Escola Básica Conde de Vilalva,Favorável,Évora,2.78
Escola Básica Infante D. Fernando,Favorável,Vila Real de Santo António,2.78
Escola Básica D. Fernando II,Favorável,Sintra,2.77
Escola Básica Professora Diamantina Negrão,Favorável,Albufeira,2.76
Escola Secundária de Sampaio,Favorável,Sesimbra,2.76
Escola Secundária Padre António M. Oliveira,Favorável,Lagoa,2.75
Escola Secundária de Campo Maior,Favorável,Campo Maior,2.74
Escola Básica e Secundária Michel Giacometti,Favorável,Sesimbra,2.74
Escola Básica de S. João da Talha,Favorável,Loures,2.73
Escola Básica do Carregado,Favorável,Alenquer,2.73
Escola Secundária de Pinhal do Rei,Favorável,Marinha Grande,2.72
Escola Básica Ferreira de Castro,Favorável,Sintra,2.71
Escola Básica e Secundária Alfredo da Silva,Favorável,Barreiro,2.7
Escola Secundária D. Luísa de Gusmão,Favorável,Lisboa,2.7
Escola Básica de Montenegro,Favorável,Faro,2.68
Escola Básica Damião de Odemira,Favorável,Odemira,2.68
Escola Básica Mário Beirão,Favorável,Beja,2.68
Escola Básica Hermenegildo Capelo,Favorável,Palmela,2.67
Escola Básica do Vale Rosal,Favorável,Almada,2.67
Escola Secundária Romeu Correia,Favorável,Almada,2.67
Escola Básica de Vidago,Favorável,Chaves,2.66
Escola Secundária Miguel Torga,Favorável,Sintra,2.65
Escola Básica de Aranguez,Favorável,Setúbal,2.64
Escola Básica Fragata do Tejo,Favorável,Moita,2.63
Escola Básica D. Luís Mendonça Furtado,Favorável,Barreiro,2.6
Escola Básica Augusto Gil,Favorável,Porto,2.59
Escola Básica Maria Lamas,Favorável,Porto,2.59
Escola Básica da Guia,Favorável,Albufeira,2.59
Escola Básica de Santo Onofre,Favorável,Caldas da Rainha,2.58
Escola Básica e Secundária Gil Vicente,Favorável,Lisboa,2.58
Escola Secundária Alfredo dos Reis Silveira,Favorável,Seixal,2.57
Escola Secundária de Vila Real de Santo António,Favorável,Vila Real de Santo António,2.56
Escola Básica dos Olivais,Favorável,Lisboa,2.56
Escola Básica da Quinta do Conde,Favorável,Sesimbra,2.53
Escola Básica de Ferreiras,Favorável,Albufeira,2.52
Escola Básica e Secundária Rodrigues de Freitas,Favorável,Porto,2.52
Escola Básica Barbosa de Bocage,Favorável,Setúbal,2.52
Escola Secundária de Aljustrel,Favorável,Aljustrel,2.5
Escola Básica Padre Abílio Mendes,Favorável,Barreiro,2.49
Escola Básica Escultor Francisco dos Santos,Favorável,Sintra,2.49
Escola Secundária de Casquilhos,Favorável,Barreiro,2.46
Escola Básica José Afonso,Favorável,Moita,2.39
Escola Secundária de São João da Talha,Favorável,Loures,2.38
Escola Básica da Cruz de Pau,Favorável,Seixal,2.34
Escola Básica n.º 1 de Cercal do Alentejo,Favorável,Santiago do Cacém,3.2
Escola Básica Professor Egas Moniz,Favorável,Sintra,3.21
Escola Básica de Freixianda,Favorável,Ourém,3.22
Escola Básica de Arazede,Favorável,Montemor-o-Velho,3.12
Escola Básica D. Luís Loureiro,Favorável,Viseu,2.82
Escola Básica D. João II,Favorável,Portimão,2.86
Escola Básica de Pereira,Favorável,Montemor-o-Velho,3.29
Escola Básica José Sobral,Favorável,Portimão,2.97
Escola Básica e Secundária Prof. Mendes dos Remédios,Favorável,Nisa,2.67
Escola Básica Aviador Brito Paes,Favorável,Odemira,2.75
Escola Secundária André de Gouveia,Favorável,Évora,2.56
Escola Básica de Rates,Desfavorável,Póvoa de Varzim,3.67
Escola Básica e Secundária de Vila Cova,Desfavorável,Barcelos,3.61
Escola Básica de Forjães,Desfavorável,Esposende,3.5
Escola Básica da Correlhã,Desfavorável,Ponte de Lima,3.47
Escola Básica D. Maria II,Desfavorável,Vila Nova de Famalicão,3.42
Escola Básica Antonio Correia Oliveira,Desfavorável,Esposende,3.41
Escola Básica e Secundária de Escariz,Desfavorável,Arouca,3.39
Escola Básica de Vila Verde,Desfavorável,Vila Verde,3.37
Escola Básica e Secundária de Penalva do Castelo,Desfavorável,Penalva do Castelo,3.36
Escola Básica Professor Abel Salazar,Desfavorável,Guimarães,3.36
Escola Básica de Apúlia,Desfavorável,Esposende,3.35
Escola Básica D. Sancho I,Desfavorável,Cartaxo,3.34
Escola Básica de Pedras Salgadas,Desfavorável,Vila Pouca de Aguiar,3.34
Escola Secundária de Vila Nova de Paiva,Desfavorável,Vila Nova de Paiva,3.33
Escola Básica das Taipas,Desfavorável,Guimarães,3.32
Escola Secundária de Vouzela,Desfavorável,Vouzela,3.3
Escola Básica do Castro,Desfavorável,Trofa,3.27
Escola Básica de Cerva,Desfavorável,Ribeira de Pena,3.26
Escola Básica e Secundária de Vila Pouca de Aguiar - Sul,Desfavorável,Vila Pouca de Aguiar,3.22
Escola Básica n.º 2 de Castro Daire,Desfavorável,Castro Daire,3.22
Escola Básica n.º 3 de Mundão,Desfavorável,Viseu,3.22
Escola Básica e Secundária À Beira Douro,Desfavorável,Gondomar,3.21
Escola Básica Rosa Ramalho,Desfavorável,Barcelos,3.2
Escola Básica de Lousada Este,Desfavorável,Lousada,3.19
Escola Básica e Secundária D. Afonso III,Desfavorável,Vinhais,3.19
Escola Secundária Frei Rosa Viterbo,Desfavorável,Sátão,3.18
Escola Básica e Secundária de Ribeira de Pena,Desfavorável,Ribeira de Pena,3.15
Escola Básica e Secundária de Valdevez,Desfavorável,Arcos de Valdevez,3.14
Escola Básica e Secundária de Fornos de Algodres,Desfavorável,Fornos de Algodres,3.14
Escola Básica Amadeo de Souza Cardoso,Desfavorável,Amarante,3.12
Escola Básica de Fragoso,Desfavorável,Barcelos,3.12
Escola Básica do Vale de São Torcato,Desfavorável,Guimarães,3.11
Escola Básica Arqueólogo Mário Cardoso,Desfavorável,Guimarães,3.11
Escola Básica Virgínia Moura,Desfavorável,Guimarães,3.11
Escola Básica e Secundária de São Sebastião,Desfavorável,Mértola,3.11
Escola Básica General Serpa Pinto,Desfavorável,Cinfães,3.1
Escola Básica Dr. Alberto Iria,Desfavorável,Olhão,3.1
Escola Básica Campo Aberto,Desfavorável,Póvoa de Varzim,3.09
Escola Básica Dr. Afonso Rodrigues Pereira,Desfavorável,Lourinhã,3.08
Escola Básica Maria Pais Ribeiro,Desfavorável,Vila do Conde,3.08
Escola Básica de Couto Mineiro do Pejão,Desfavorável,Castelo de Paiva,3.08
Escola Básica de Frazão,Desfavorável,Paços de Ferreira,3.08
Escola Secundária Dr. João Lopes de Morais,Desfavorável,Mortágua,3.07
Escola Básica e Secundária de Arcozelo,Desfavorável,Ponte de Lima,3.07
Escola Básica e Secundária Vale D Este,Desfavorável,Barcelos,3.07
Escola Básica de Amarante,Desfavorável,Amarante,3.06
Escola Básica e Secundária Josefa de Óbidos,Desfavorável,Óbidos,3.06
Escola Básica e Secundária Vieira de Araújo,Desfavorável,Vieira do Minho,3.06
Escola Secundária de Resende,Desfavorável,Resende,3.06
Escola Secundária de Marco de Canaveses,Desfavorável,Marco de Canaveses,3.06
Escola Secundária de Tábua,Desfavorável,Tábua,3.05
Escola Básica António Rodrigues Sampaio,Desfavorável,Esposende,3.05
Escola Secundária Latino Coelho,Desfavorável,Lamego,3.05
Escola Básica n.º 2 de São Silvestre,Desfavorável,Coimbra,3.05
Escola Secundária Gonçalo Anes Bandarra,Desfavorável,Trancoso,3.05
Escola Básica e Secundária Padre José Augusto da Fonseca,Desfavorável,Aguiar da Beira,3.05
Escola Básica de Vale do Este,Desfavorável,Vila Nova de Famalicão,3.05
Escola Básica Castro Matoso,Desfavorável,Aveiro,3.04
Escola Básica de Gondifelos,Desfavorável,Vila Nova de Famalicão,3.04
Escola Básica e Secundária Pedro Álvares Cabral,Desfavorável,Belmonte,3.04
Escola Básica de Marco de Canaveses,Desfavorável,Marco de Canaveses,3.02
Escola Básica de Aver-o-Mar,Desfavorável,Póvoa de Varzim,3.02
Escola Básica Gil Vicente,Desfavorável,Guimarães,3.01
Escola Secundária de Valpaços,Desfavorável,Valpaços,3.01
Escola Secundária de Arouca,Desfavorável,Arouca,3.0
Escola Básica de Penafiel Sul,Desfavorável,Penafiel,3.0
Escola Básica de Prado,Desfavorável,Vila Verde,3.0
Escola Básica de Moure e Ribeira do Neiva,Desfavorável,Vila Verde,3.0
Escola Básica e Secundária de Mondim de Basto,Desfavorável,Mondim de Basto,2.99
Escola Básica de Eiriz,Desfavorável,Paços de Ferreira,2.99
Escola Secundária de Castro Daire,Desfavorável,Castro Daire,2.99
Escola Básica de Baltar,Desfavorável,Paredes,2.99
Escola Básica e Secundária de Moimenta da Beira,Desfavorável,Moimenta da Beira,2.98
Escola Básica e Secundária da Guia,Desfavorável,Pombal,2.97
Escola Secundária de Póvoa de Lanhoso,Desfavorável,Póvoa de Lanhoso,2.97
Escola Básica e Secundária D. Sancho II,Desfavorável,Alijó,2.97
Escola Básica Gomes Monteiro,Desfavorável,Boticas,2.96
Escola Secundária Dr. António Granjo,Desfavorável,Chaves,2.95
Escola Básica e Secundária Dr. José Leite de Vasconcelos,Desfavorável,Tarouca,2.95
Escola Básica e Secundária de Ínfias,Desfavorável,Vizela,2.95
Escola Básica de Abação,Desfavorável,Guimarães,2.94
Escola Secundária de Carvalhos,Desfavorável,Vila Nova de Gaia,2.94
Escola Básica de Pedome,Desfavorável,Vila Nova de Famalicão,2.94
Escola Básica Arquiteto Fernando Távora,Desfavorável,Guimarães,2.93
Escola Básica e Secundária de Cabeceiras de Basto,Desfavorável,Cabeceiras de Basto,2.92
Escola Secundária Diogo de Macedo,Desfavorável,Vila Nova de Gaia,2.92
Escola Básica de São João do Sobrado,Desfavorável,Valongo,2.92
Escola Básica e Secundária Dr. Ramiro Salgado,Desfavorável,Torre de Moncorvo,2.92
Escola Básica de Santa Catarina,Desfavorável,Caldas da Rainha,2.92
Escola Básica de Sobreira,Desfavorável,Paredes,2.92
Escola Básica de Paço de Sousa,Desfavorável,Penafiel,2.92
Escola Secundária de Pinhel,Desfavorável,Pinhel,2.91
Escola Básica de Paços de Ferreira,Desfavorável,Paços de Ferreira,2.91
Escola Básica de Mões,Desfavorável,Castro Daire,2.91
Escola Básica de Corga do Lobão,Desfavorável,Santa Maria da Feira,2.9
Escola Básica do Sudeste de Baião,Desfavorável,Baião,2.9
Escola Secundária Rafael Bordalo Pinheiro,Desfavorável,Caldas da Rainha,2.89
Escola Básica de Caldas de Vizela,Desfavorável,Vizela,2.89
Escola Básica e Secundária de Celorico de Basto,Desfavorável,Celorico de Basto,2.89
Escola Básica e Secundária Tenente Coronel Adão Carrapatoso,Desfavorável,Vila Nova de Foz Côa,2.89
Escola Básica e Secundária Miguel Torga,Desfavorável,Sabrosa,2.89
Escola Básica e Secundária do Levante da Maia,Desfavorável,Maia,2.88
Escola Básica D. António Ferreira Gomes,Desfavorável,Penafiel,2.88
Escola Básica e Secundária de Coronado e Castro,Desfavorável,Trofa,2.88
Escola Básica Visconde de Chanceleiros,Desfavorável,Alenquer,2.88
Escola Secundária de Amarante,Desfavorável,Amarante,2.88
Escola Básica de Braga Oeste,Desfavorável,Braga,2.88
Escola Básica e Secundária de Arga e Lima,Desfavorável,Viana do Castelo,2.87
Escola Secundária de Felgueiras,Desfavorável,Felgueiras,2.87
Escola Básica e Secundária de Vale do Tamel,Desfavorável,Barcelos,2.87
Escola Básica de Santa Cruz da Trapa,Desfavorável,São Pedro do Sul,2.86
Escola Básica e Secundária Dr. Machado de Matos,Desfavorável,Felgueiras,2.86
Escola Básica de Trigal de Santa Maria,Desfavorável,Braga,2.86
Escola Básica e Secundária Dr. Bento da Cruz,Desfavorável,Montalegre,2.86
Escola Básica de São Martinho,Desfavorável,Santo Tirso,2.85
Escola Básica e Secundária Gomes Teixeira,Desfavorável,Armamar,2.85
Escola Básica e Secundária Dr. Isidoro de Sousa,Desfavorável,Viana do Alentejo,2.84
Escola Básica de Celeirós,Desfavorável,Braga,2.84
Escola Secundária de Amares,Desfavorável,Amares,2.84
Escola Básica do Ave,Desfavorável,Póvoa de Lanhoso,2.83
Escola Básica de Perafita,Desfavorável,Matosinhos,2.83
Escola Básica Gonçalo Sampaio,Desfavorável,Póvoa de Lanhoso,2.82
Escola Secundária de Valongo,Desfavorável,Valongo,2.82
Escola Básica e Secundária D. João V,Desfavorável,Amadora,2.82
Escola Básica de Cristelo,Desfavorável,Paredes,2.81
Escola Básica de Arões,Desfavorável,Fafe,2.81
Escola Básica e Secundária do Centro de Portugal,Desfavorável,Vila de Rei,2.81
Escola Básica e Secundária do Mogadouro,Desfavorável,Mogadouro,2.81
Escola Básica do Arco de Baúlhe,Desfavorável,Cabeceiras de Basto,2.81
Escola Básica António Alves de Amorim,Desfavorável,Santa Maria da Feira,2.8
Escola Secundária de Valbom,Desfavorável,Gondomar,2.8
Escola Básica de Vila Caiz,Desfavorável,Amarante,2.8
Escola Básica Monsenhor Elísio Araújo,Desfavorável,Vila Verde,2.8
Escola Básica Júlio Dinis,Desfavorável,Vila Nova de Gaia,2.8
Escola Básica e Secundária de Pinheiro,Desfavorável,Penafiel,2.8
Escola Básica e Secundária Padre José Agostinho Rodrigues,Desfavorável,Alter do Chão,2.79
Escola Básica e Secundária de Airães,Desfavorável,Felgueiras,2.79
Escola Básica e Secundária de Lousada Oeste,Desfavorável,Lousada,2.78
Escola Básica Santa Bárbara,Desfavorável,Gondomar,2.78
Escola Básica das Olaias,Desfavorável,Lisboa,2.78
Escola Básica de Gavião,Desfavorável,Gavião,2.78
Escola Básica Anes de Cernache,Desfavorável,Vila Nova de Gaia,2.78
Escola Básica Dr. Francisco Sanches,Desfavorável,Braga,2.78
Escola Secundária D. António Taipa,Desfavorável,Paços de Ferreira,2.77
Escola Básica D. José I,Desfavorável,Vila Real de Santo António,2.77
Escola Secundária José Régio,Desfavorável,Vila do Conde,2.76
Escola Secundária Daniel Faria,Desfavorável,Paredes,2.76
Escola Básica de Sande,Desfavorável,Marco de Canaveses,2.76
Escola Secundária de Alfena,Desfavorável,Valongo,2.75
Escola Básica e Secundária de Castelo de Paiva,Desfavorável,Castelo de Paiva,2.75
Escola Básica de Argoncilhe,Desfavorável,Santa Maria da Feira,2.75
Escola Secundária de Vila Verde,Desfavorável,Vila Verde,2.75
Escola Básica e Secundária de Vilela,Desfavorável,Paredes,2.75
Escola Básica Adriano Correia de Oliveira,Desfavorável,Vila Nova de Gaia,2.75
Escola Básica e Secundária de Lordelo,Desfavorável,Paredes,2.75
Escola Básica e Secundária de Vila Flor,Desfavorável,Vila Flor,2.75
Escola Básica da Mota,Desfavorável,Celorico de Basto,2.74
Escola Básica de Briteiros,Desfavorável,Guimarães,2.73
Escola Básica de São Pedro da Cova,Desfavorável,Gondomar,2.73
Escola Básica de Arrifana,Desfavorável,Santa Maria da Feira,2.73
Escola Básica e Secundária de Canelas,Desfavorável,Vila Nova de Gaia,2.71
Escola Básica Gonçalo Nunes,Desfavorável,Barcelos,2.71
Escola Básica de Pardilhó,Desfavorável,Estarreja,2.71
Escola Básica e Secundária de Campo,Desfavorável,Valongo,2.7
Escola Básica e Secundária da Sé,Desfavorável,Lamego,2.7
Escola Secundária de Alpendurada,Desfavorável,Marco de Canaveses,2.7
Escola Básica n.º 2 de Arganil,Desfavorável,Arganil,2.69
Escola Básica Luís de Sttau Monteiro,Desfavorável,Loures,2.69
Escola Básica de Ribeira do Neiva,Desfavorável,Vila Verde,2.69
Escola Básica e Secundária de São João da Pesqueira,Desfavorável,São João da Pesqueira,2.68
Escola Básica de Freixo,Desfavorável,Ponte de Lima,2.68
Escola Básica e Secundária Mação,Desfavorável,Mação,2.68
Escola Básica e Secundária Abel Botelho,Desfavorável,Tabuaço,2.68
Escola Básica e Secundária de Carrazeda de Ansiães,Desfavorável,Carrazeda de Ansiães,2.67
Escola Básica Miguel Torga,Desfavorável,Amadora,2.67
Escola Básica Padre Vítor Melícias,Desfavorável,Torres Vedras,2.67
Escola Básica Padre Joaquim Flores,Desfavorável,Fafe,2.66
Escola Básica e Secundária de Lousada Norte,Desfavorável,Lousada,2.66
Escola Básica de Vila Boim,Desfavorável,Elvas,2.66
Escola Básica Professor Agostinho da Silva,Desfavorável,Sintra,2.66
Escola Básica João da Rosa,Desfavorável,Olhão,2.66
Escola Básica de Toutosa,Desfavorável,Marco de Canaveses,2.66
Escola Básica de Valongo do Vouga,Desfavorável,Águeda,2.66
Escola Básica de Gandarela,Desfavorável,Celorico de Basto,2.66
Escola Básica e Secundária de Murça,Desfavorável,Murça,2.66
Escola Básica do Catujal,Desfavorável,Loures,2.66
Escola Básica José Cardoso Pires,Desfavorável,Amadora,2.65
Escola Secundária António Nobre,Desfavorável,Porto,2.65
Escola Básica e Secundária Cadaval,Desfavorável,Cadaval,2.64
Escola Básica de Canedo,Desfavorável,Santa Maria da Feira,2.64
"Escola Básica e Secundária de Rebordosa,",Desfavorável,Paredes,2.64
Escola Básica Miguel Leitão de Andrada,Desfavorável,Pedrógão Grande,2.64
Escola Básica de Custóias,Desfavorável,Matosinhos,2.63
Escola Básica de Souselo,Desfavorável,Cinfães,2.63
Escola Básica de Vila D’Este,Desfavorável,Vila Nova de Gaia,2.63
Escola Básica Engº Nuno Mergulhão,Desfavorável,Portimão,2.62
Escola Secundária António Sérgio,Desfavorável,Vila Nova de Gaia,2.61
Escola Básica de Santa Marta de Penaguião,Desfavorável,Santa Marta de Penaguião,2.59
Escola Básica D. Pedro IV,Desfavorável,Vila do Conde,2.58
Escola Básica Poeta Manuel da Silva Gaio,Desfavorável,Coimbra,2.57
Escola Básica e Secundária de Vale de Ovil,Desfavorável,Baião,2.56
Escola Básica de Montelongo,Desfavorável,Fafe,2.56
Escola Básica e Secundária Dr. Azevedo Neves,Desfavorável,Amadora,2.56
Escola Básica Frei António das Chagas,Desfavorável,Vidigueira,2.55
Escola Básica de Pedrouços,Desfavorável,Maia,2.55
Escola Básica José Saramago,Desfavorável,Palmela,2.54
Escola Básica Padre Joaquim Maria Fernandes,Desfavorável,Sousel,2.53
Escola Secundária Alexandre Herculano,Desfavorável,Porto,2.53
Escola Básica do Monte da Caparica,Desfavorável,Almada,2.53
Escola Básica e Secundária de Idães,Desfavorável,Felgueiras,2.53
Escola Básica do Viso,Desfavorável,Porto,2.52
Escola Básica e Secundária Professor Ruy Luís Gomes,Desfavorável,Almada,2.51
Escola Básica Cego do Maio,Desfavorável,Póvoa de Varzim,2.5
Escola Básica de Freixo de Espada à Cinta,Desfavorável,Freixo de Espada à Cinta,2.5
Escola Básica Mário de Sá Carneiro,Desfavorável,Loures,2.5
Escola Básica Manuel da Maia,Desfavorável,Lisboa,2.49
Escola Básica de Matosinhos,Desfavorável,Matosinhos,2.49
Escola Básica de Lagares,Desfavorável,Felgueiras,2.48
Escola Básica Escultor António Fernandes Sá,Desfavorável,Vila Nova de Gaia,2.47
Escola Secundária Seomara da Costa Primo,Desfavorável,Amadora,2.45
Escola Básica e Secundária do Cerco do Porto,Desfavorável,Porto,2.45
Escola Básica n.º 1 de Vila Nova de São Bento,Desfavorável,Serpa,2.44
Escola Básica e Secundária Professor António da Natividade,Desfavorável,Mesão Frio,2.44
Escola Básica e Secundária Escalada,Desfavorável,Pampilhosa da Serra,2.43
Escola Secundária Gaia Nascente,Desfavorável,Vila Nova de Gaia,2.43
Escola Básica de Penafiel Sudeste,Desfavorável,Penafiel,2.42
Escola Secundária Braamcamp Freire,Desfavorável,Odivelas,2.41
Escola Básica e Secundária de Terras de Bouro,Desfavorável,Terras de Bouro,2.41
Escola Básica de Eiriz,Desfavorável,Baião,2.4
Escola Básica e Secundária Dr. Mário Fonseca,Desfavorável,Lousada,2.4
Escola Secundária com 2º e 3º Ciclos Mães d'Água,Desfavorável,Amadora,2.39
Escola Secundária do Lumiar,Desfavorável,Lisboa,2.38
Escola Básica Diogo Cão,Desfavorável,Vila Real,2.38
Escola Básica Irmãos Passos,Desfavorável,Matosinhos,2.38
Escola Básica Patrício Prazeres,Desfavorável,Lisboa,2.37
Escola Básica Luís António Verney,Desfavorável,Lisboa,2.37
Escola Básica Bairro do Padre Cruz,Desfavorável,Lisboa,2.36
Escola Secundária D. Dinis,Desfavorável,Lisboa,2.36
Escola Secundária Arquitecto Oliveira Ferreira,Desfavorável,Vila Nova de Gaia,2.34
Escola Básica de Valadares,Desfavorável,Vila Nova de Gaia,2.34
Escola Básica Professor Óscar Lopes,Desfavorável,Matosinhos,2.32
Escola Secundária Inês de Castro,Desfavorável,Vila Nova de Gaia,2.28
Escola Básica Pêro Vaz de Caminha,Desfavorável,Porto,2.27
Escola Secundária de Camarate,Desfavorável,Loures,2.19
Escola Básica de Monte Gordo,Desfavorável,Vila Real de Santo António,2.18
Escola Básica Manoel de Oliveira,Desfavorável,Porto,2.18
Escola Básica n.º 2 de Elvas,Desfavorável,Elvas,2.14
Escola Secundária Joaquim de Araújo,Desfavorável,Penafiel,2.12
Escola Básica Leonardo Coimbra Filho,Desfavorável,Porto,2.12
Escola Básica da Trafaria,Desfavorável,Almada,2.11
Escola Básica e Secundária da Ordem de Santiago,Desfavorável,Setúbal,2.08
Escola Básica Alto do Lumiar,Desfavorável,Lisboa,2.04
Escola Básica Pintor Almada Negreiros,Desfavorável,Lisboa,2.03
Escola Básica D. Pedro Varela,Desfavorável,Montijo,2.0
Escola Básica Nun'Álvares,Desfavorável,Seixal,1.99
Escola Básica de Amareleja,Desfavorável,Moura,1.94
Escola Básica Francisco de Arruda,Desfavorável,Lisboa,1.86
Escola Básica do Vale da Amoreira,Desfavorável,Moita,1.72
Escola Básica e Secundária Padre António de Andrade,Desfavorável,Oleiros,3.23
Escola Básica e Secundária do Baixo Barroso,Desfavorável,Montalegre,2.95
Escola Básica e Secundária Ribeiro Sanches,Desfavorável,Penamacor,3.26
Escola Básica Sebastião da Gama,Desfavorável,Estremoz,3.0
Escola Básica José dos Anjos,Desfavorável,Valpaços,3.04
Escola Básica Margarida Fierro Caeiro da Matta,Desfavorável,Tábua,3.17
Escola Secundária de Ponte de Lima,Desfavorável,Ponte de Lima,3.08
Escola Básica e Secundária de Manteigas,Desfavorável,Manteigas,3.31
Escola Básica de Tourais,Desfavorável,Seia,2.81
Escola Básica Dr. Abranches Ferrão,Desfavorável,Seia,2.82
Escola Básica Dr. Bissaya Barreto,Desfavorável,Castanheira de Pêra,3.13
Escola Básica de Campia,Desfavorável,Vouzela,3.29
Escola Básica Eugénio de Andrade,Desfavorável,Porto,2.24
Escola Básica Professor Mendes Ferrão,Desfavorável,Arganil,2.87
Escola Básica Diogo Lopes Sequeira,Desfavorável,Alandroal,2.78
Escola Básica de Rio Caldo,Desfavorável,Terras de Bouro,2.83
Escola Básica Álvaro Coutinho - O Magriço,Desfavorável,Penedono,2.95
Escola Básica de Moura,Desfavorável,Moura,2.71
Escola Básica de Alcáçovas,Desfavorável,Viana do Alentejo,2.63
Escola Básica e Secundária de Mora,Desfavorável,Mora,2.67
Escola Básica e Secundária de Mêda,Desfavorável,Meda,2.74
Escola Básica Sophia de Mello Breyner,Desfavorável,Oeiras,2.18
Escola Básica do Miradouro de Alfazina,Desfavorável,Almada,1.71
Escola Básica da Apelação,Desfavorável,Loures,1.87
Escola Básica de Góis,Desfavorável,Góis,2.76
Escola Secundária de Figueira de Castelo Rodrigo,Desfavorável,Figueira de Castelo Rodrigo,2.75
Escola Básica de Alcabideche,Desfavorável,Cascais,2.14
Escola Básica de Mourão,Desfavorável,Mourão,2.36
Escola Básica Padre João Rodrigues,Desfavorável,Sernancelhe,3.13
Escola Básica de Vimioso,Desfavorável,Vimioso,2.69
Escola Básica n.º 1 de Monforte,Desfavorável,Monforte,2.71
Escola Básica n.º 1 de Alvito,Desfavorável,Alvito,2.96
Escola Básica de Paredes,Desfavorável,Paredes,2.08
Escola Básica de Vila Velha de Ródão,Desfavorável,Vila Velha de Ródão,2.19
Escola Secundária de Serpa,Desfavorável,Serpa,2.65
Escola Básica Prof. Joaquim Moreira,Desfavorável,Alcoutim,2.76
Escola Básica da Ponte,Desfavorável,Santo Tirso,2.8
Escola Secundária de São Pedro da Cova,Desfavorável,Gondomar,2.8
Escola Básica do Pinhão,Desfavorável,Alijó,3.4
Escola Básica Carolina Beatriz Ângelo,Normal,Guarda,3.73
Escola Básica de Campo de Besteiros,Normal,Tondela,3.52
Escola Básica e Secundária José Falcão,Normal,Miranda do Corvo,3.44
Escola Básica e Secundária de Sever do Vouga,Normal,Sever do Vouga,3.4
Escola Básica Serra da Gardunha,Normal,Fundão,3.39
Escola Básica Dr. Carlos Pinto Ferreira,Normal,Vila do Conde,3.39
Escola Básica e Secundária de Penacova,Normal,Penacova,3.36
Escola Básica de Santa Catarina da Serra,Normal,Leiria,3.35
Escola Básica de Branca,Normal,Albergaria-a-Velha,3.31
Escola Secundária D. Sancho I,Normal,Vila Nova de Famalicão,3.31
Escola Básica de Carregosa,Normal,Oliveira de Azeméis,3.31
Escola Secundária Padre Benjamim Salgado,Normal,Vila Nova de Famalicão,3.31
Escola Básica e Secundária de Fajões,Normal,Oliveira de Azeméis,3.3
Escola Básica e Secundária D. Dinis,Normal,Santo Tirso,3.3
Escola Básica de Castro Marim,Normal,Castro Marim,3.3
Escola Básica e Secundária João Garcia Bacelar,Normal,Cantanhede,3.3
Escola Básica e Secundária Dr. Hernâni Cidade,Normal,Redondo,3.27
Escola Secundária de Lousada,Normal,Lousada,3.27
Escola Básica e Secundária da Sé,Normal,Guarda,3.26
Escola Básica e Secundária Pintor José de Brito,Normal,Viana do Castelo,3.26
Escola Básica e Secundária D. Pedro I,Normal,Alcobaça,3.25
Escola Secundária Públia Hortênsia de Castro,Normal,Vila Viçosa,3.25
Escola Básica Gualdim Pais,Normal,Pombal,3.25
Escola Básica António Feijó,Normal,Ponte de Lima,3.25
Escola Secundária Tomaz Pelayo,Normal,Santo Tirso,3.25
Escola Básica Prof. Carlos Teixeira,Normal,Fafe,3.24
Escola Básica Frei Estevão Martins,Normal,Alcobaça,3.24
Escola Básica Rainha Santa Isabel,Normal,Leiria,3.23
Escola Básica de Santa Iria,Normal,Tomar,3.23
Escola Básica Rainha Santa Isabel,Normal,Coimbra,3.22
Escola Secundária de Barcelos,Normal,Barcelos,3.22
Escola Básica e Secundária Sidónio Pais,Normal,Caminha,3.22
Escola Básica José Régio,Normal,Portalegre,3.22
Escola Secundária Marques de Castilho,Normal,Águeda,3.22
Escola Secundária de Tondela,Normal,Tondela,3.22
Escola Secundária de Barcelinhos,Normal,Barcelos,3.21
Escola Básica e Secundária de Paredes de Coura,Normal,Paredes de Coura,3.21
Escola Básica de Silvares,Normal,Fafe,3.21
Escola Básica Dr. José Pereira Tavares,Normal,Oliveira de Azeméis,3.21
Escola Secundária de Gouveia,Normal,Gouveia,3.21
Escola Secundária Dr. Júlio Martins,Normal,Chaves,3.2
Escola Secundária Dr. João de Araújo Correia,Normal,Peso da Régua,3.2
Escola Básica e Secundária Dr. Pascoal José de Mello,Normal,Ansião,3.19
Escola Secundária Alcaides de Faria,Normal,Barcelos,3.19
Escola Secundária Morgado de Mateus,Normal,Vila Real,3.19
Escola Básica n.º 2 de Marrazes,Normal,Leiria,3.19
Escola Básica Dr. Guilherme Correia de Carvallho,Normal,Seia,3.18
Escola Básica e Secundária de Oliveira de Frades,Normal,Oliveira de Frades,3.18
Escola Básica e Secundária de Anadia,Normal,Anadia,3.18
Escola Básica de Leça do Balio,Normal,Matosinhos,3.17
Escola Básica Comendador Ângelo Azevedo,Normal,Oliveira de Azeméis,3.17
Escola Básica de Fazendas de Almeirim,Normal,Almeirim,3.17
Escola Básica de Gafanha da Encarnação,Normal,Ílhavo,3.17
Escola Básica de Marinhas do Sal,Normal,Rio Maior,3.16
Escola Básica e Secundária Dra. Maria Judite Serrão Andrade,Normal,Sardoal,3.16
Escola Básica e Secundária Pedro Ferreiro,Normal,Ferreira do Zêzere,3.16
Escola Básica Abade Correia da Serra,Normal,Serpa,3.16
Escola Secundária de Paredes,Normal,Paredes,3.15
Escola Básica de Paços de Brandão,Normal,Santa Maria da Feira,3.15
Escola Básica e Secundária de Padrão da Légua,Normal,Matosinhos,3.15
Escola Básica Poeta Bernardo de Passos,Normal,São Brás de Alportel,3.15
Escola Secundária de Esmoriz,Normal,Ovar,3.14
Escola Básica de São Domingos,Normal,Covilhã,3.14
Escola Básica e Secundária de Macedo de Cavaleiros,Normal,Macedo de Cavaleiros,3.14
Escola Básica Rio Novo do Príncipe,Normal,Aveiro,3.13
Escola Básica da Agrela e Vale do Leça,Normal,Santo Tirso,3.13
Escola Básica Dr. Costa Matos,Normal,Vila Nova de Gaia,3.13
Escola Básica da Foz do Neiva,Normal,Viana do Castelo,3.13
Escola Básica de Vallis Longus,Normal,Valongo,3.12
Escola Básica Frei Manuel de Santa Inês,Normal,Gondomar,3.12
Escola Básica de Loureiro,Normal,Oliveira de Azeméis,3.12
Escola Básica e Secundária da Chamusca,Normal,Chamusca,3.11
Escola Secundária de Paços de Ferreira,Normal,Paços de Ferreira,3.11
Escola Secundária de Coruche,Normal,Coruche,3.11
Escola Básica de Viso,Normal,Viseu,3.11
Escola Básica Padre João Coelho Cabanita,Normal,Loulé,3.11
Escola Básica D. Manuel de Faria e Sousa,Normal,Felgueiras,3.11
Escola Básica Fernando Casimiro Pereira da Silva,Normal,Rio Maior,3.11
Escola Secundária de Porto de Mós,Normal,Porto de Mós,3.1
Escola Básica Manuel Nascimento,Normal,Monchique,3.1
Escola Secundária de Alcanena,Normal,Alcanena,3.09
Escola Secundária Campos de Melo,Normal,Covilhã,3.09
Escola Básica de Manhente,Normal,Barcelos,3.09
Escola Básica Professor Artur Nunes Vidal,Normal,Águeda,3.09
Escola Secundária Dr.ª Felismina Alcântara,Normal,Mangualde,3.08
Escola Básica João de Deus,Normal,Silves,3.08
Escola Básica e Secundária Soares Basto,Normal,Oliveira de Azeméis,3.08
Escola Básica 4.º Conde de Ourém,Normal,Ourém,3.08
Escola Básica de Alcanede,Normal,Santarém,3.08
Escola Básica Infante D. Pedro,Normal,Figueira da Foz,3.07
Escola Básica e Secundária Joaquim Inácio da Cruz Sobral,Normal,Sobral de Monte Agraço,3.07
Escola Básica e Secundária Dr. Manuel Gomes Almeida,Normal,Espinho,3.07
Escola Básica José Carlos da Maia,Normal,Olhão,3.06
Escola Básica de Alfornelos,Normal,Amadora,3.06
Escola Básica Carlos de Oliveira,Normal,Cantanhede,3.05
Escola Básica D. Afonso Henriques,Normal,Guimarães,3.05
Escola Básica Dr. Pedrosa Veríssimo,Normal,Figueira da Foz,3.05
Escola Secundária de Vagos,Normal,Vagos,3.05
Escola Básica e Secundária de Rio Tinto,Normal,Gondomar,3.04
Escola Secundária de Monção,Normal,Monção,3.04
Escola Secundária de Oliveira do Hospital,Normal,Oliveira do Hospital,3.03
Escola Secundária da Trofa,Normal,Trofa,3.03
Escola Secundária de Penafiel,Normal,Penafiel,3.03
Escola Secundária de Montemor-o-Novo,Normal,Montemor-o-Novo,3.03
Escola Secundária da Lousã,Normal,Lousã,3.03
Escola Secundária Abade de Baçal,Normal,Bragança,3.02
Escola Básica e Secundária Pedro da Fonseca,Normal,Proença-a-Nova,3.02
Escola Básica e Secundária de Monte da Ola,Normal,Viana do Castelo,3.02
Escola Básica de Pevidém,Normal,Guimarães,3.02
Escola Básica Dr. Azeredo Perdigão,Normal,Viseu,3.02
Escola Básica e Secundária de Melgaço,Normal,Melgaço,3.01
Escola Básica e Secundária de Alcains,Normal,Castelo Branco,3.01
Escola Secundária de Nelas,Normal,Nelas,3.01
Escola Básica D. Paio Peres Correia,Normal,Tavira,3.0
Escola Básica e Secundária Dr. Serafim Leite,Normal,São João da Madeira,3.0
Escola Básica da Abrigada,Normal,Alenquer,3.0
Escola Básica Cónego Dr. Manuel Lopes Perdigão,Normal,Ourém,3.0
Escola Básica de São Gonçalo,Normal,Torres Vedras,3.0
Escola Secundária de D. Afonso Henriques,Normal,Santo Tirso,2.99
Escola Básica e Secundária Miguel Torga,Normal,Bragança,2.99
Escola Básica Dr. Correia Alexandre,Normal,Leiria,2.99
Escola Básica Padre António Lourenço Farinha,Normal,Sertã,2.99
Escola Básica Soeiro Pereira Gomes,Normal,Vila Franca de Xira,2.99
Escola Básica Infanta D. Mafalda,Normal,Gondomar,2.99
Escola Básica Dr. Rui Grácio,Normal,Sintra,2.99
Escola Básica e Secundária de São Martinho do Porto,Normal,Alcobaça,2.98
Escola Básica de Freiria,Normal,Torres Vedras,2.98
Escola Básica Júdice Fialho,Normal,Portimão,2.98
Escola Básica e Secundária Dr. Daniel de Matos,Normal,Vila Nova de Poiares,2.97
Escola Básica Prof. Paula Nogueira,Normal,Olhão,2.97
Escola Básica n.º 1 de Elvas,Normal,Elvas,2.97
Escola Básica e Secundária Padre António Morais da Fonseca,Normal,Murtosa,2.97
Escola Básica e Secundária Sacadura Cabral,Normal,Celorico da Beira,2.97
Escola Secundária Júlio Dinis,Normal,Ovar,2.97
Escola Secundária de Molelos,Normal,Tondela,2.97
Escola Básica de Tortosendo,Normal,Covilhã,2.97
Escola Básica de Pataias,Normal,Alcobaça,2.97
Escola Básica Frei João de Vila do Conde,Normal,Vila do Conde,2.96
Escola Básica e Secundária de Mira de Aire,Normal,Porto de Mós,2.96
Escola Básica D. Luís de Ataíde,Normal,Peniche,2.96
Escola Básica e Secundária Carolina Michaelis,Normal,Porto,2.95
Escola Básica de Mosteiro e Cávado,Normal,Braga,2.95
Escola Básica Dr. Garcia Domingues,Normal,Silves,2.95
Escola Secundária de Figueiró dos Vinhos,Normal,Figueiró dos Vinhos,2.95
Escola Básica Monsenhor Miguel de Oliveira,Normal,Ovar,2.94
Escola Básica D. Duarte,Normal,Viseu,2.94
Escola Básica da Atouguia da Baleia,Normal,Peniche,2.94
Escola Secundária D. Dinis,Normal,Coimbra,2.94
Escola Básica Dr. Correia Mateus,Normal,Leiria,2.94
Escola Básica e Secundária Santos Simões,Normal,Guimarães,2.93
Escola Secundária Dr. João Carlos Celestino Gomes,Normal,Ílhavo,2.93
Escola Básica e Secundária Dr. Manuel Ribeiro Ferreira,Normal,Alvaiázere,2.93
Escola Secundária de Santa Comba Dão,Normal,Santa Comba Dão,2.93
Escola Básica e Secundária Cunha Rivara,Normal,Arraiolos,2.93
Escola Básica Dr. António João Eusébio,Normal,Olhão,2.92
Escola Básica dos 2º e 3º Ciclos com Ensino Secundário Professor Armando de Lucena,Normal,Mafra,2.92
Escola Básica Padre Bento Pereira,Normal,Borba,2.92
Escola Secundária de Sabugal,Normal,Sabugal,2.91
Escola Básica D. João I,Normal,Moita,2.91
Escola Secundária Cristina Torres,Normal,Figueira da Foz,2.91
Escola Básica de Palmeira,Normal,Braga,2.91
Escola Secundária de Moura,Normal,Moura,2.91
Escola Básica Pintor Mário Augusto,Normal,Figueira da Foz,2.91
Escola Básica Frei Manuel Cardoso,Normal,Fronteira,2.9
Escola Básica Rio Arade,Normal,Lagoa,2.9
Escola Básica e Secundária Ferreira de Castro,Normal,Oliveira de Azeméis,2.9
Escola Básica de Vale de Aveiras,Normal,Azambuja,2.9
Escola Básica Abel Varzim,Normal,Barcelos,2.9
Escola Básica Professor Sebastião José Pires Teixeira,Normal,Loulé,2.9
Escola Básica e Secundária Fernão do Pó,Normal,Bombarral,2.9
Escola Secundária de Carregal do Sal,Normal,Carregal do Sal,2.89
Escola Básica de Darque,Normal,Viana do Castelo,2.89
Escola Básica Eng. Manuel Rafael Amaro da Costa,Normal,Odemira,2.88
Escola Secundária Jácome Ratton,Normal,Tomar,2.88
Escola Secundária da Lixa,Normal,Felgueiras,2.88
Escola Básica e Secundária de Santa Maria da Feira,Normal,Santa Maria da Feira,2.87
Escola Básica D. António de Ataíde,Normal,Vila Franca de Xira,2.87
Escola Básica Frei Caetano Brandão,Normal,Braga,2.87
Escola Básica e Secundária de Barroselas,Normal,Viana do Castelo,2.87
Escola Secundária D. Afonso Sanches,Normal,Vila do Conde,2.87
Escola Básica de Ribamar,Normal,Lourinhã,2.86
Escola Básica e Secundária Coelho e Castro,Normal,Santa Maria da Feira,2.86
Escola Secundária de Gondomar,Normal,Gondomar,2.85
Escola Básica de Ribeirão,Normal,Vila Nova de Famalicão,2.85
Escola Básica e Secundária Salvaterra de Magos,Normal,Salvaterra de Magos,2.85
Escola Básica de Real,Normal,Braga,2.84
Escola Básica Dr. João das Regras,Normal,Lourinhã,2.84
Escola Secundária José Loureiro Botas,Normal,Marinha Grande,2.84
Escola Básica Prof. João Fernandes Pratas,Normal,Benavente,2.84
Escola Básica de Peniche,Normal,Peniche,2.82
Escola Básica e Secundária de Ermesinde,Normal,Valongo,2.82
Escola Básica Manuel Ferreira Patrício,Normal,Évora,2.82
Escola Básica Paulo da Gama,Normal,Seixal,2.81
Escola Básica D. João de Portel,Normal,Portel,2.81
Escola Básica da Madalena,Normal,Vila Nova de Gaia,2.81
Escola Secundária de Ponte de Sor,Normal,Ponte de Sor,2.81
Escola Básica e Secundária de Muralhas do Minho,Normal,Valença,2.81
Escola Básica de São Miguel,Normal,Guarda,2.81
Escola Básica de S. Vicente,Normal,Vila do Bispo,2.81
Escola Básica e Secundária Dr. Ferreira da Silva,Normal,Oliveira de Azeméis,2.8
Escola Básica n.º 2 de Avelar,Normal,Ansião,2.79
Escola Básica de Jovim e Foz do Sousa,Normal,Gondomar,2.79
Escola Básica D. Manuel I,Normal,Santarém,2.79
Escola Secundária António Inácio da Cruz,Normal,Grândola,2.79
Escola Básica D. Pedro II,Normal,Moita,2.78
Escola Básica da Costa da Caparica,Normal,Almada,2.78
Escola Básica do Bom Sucesso,Normal,Vila Franca de Xira,2.77
Escola Básica Cardoso Lopes,Normal,Amadora,2.76
Escola Básica do Maxial,Normal,Torres Vedras,2.76
Escola Básica de Marinhais,Normal,Salvaterra de Magos,2.75
Escola Secundária Dr. Solano de Abreu,Normal,Abrantes,2.75
Escola Básica e Secundária de Alfândega da Fé,Normal,Alfândega da Fé,2.75
Escola Secundária da Amora,Normal,Seixal,2.74
Escola Secundária Sá de Miranda,Normal,Braga,2.74
Escola Básica e Secundária de Albufeira,Normal,Albufeira,2.73
Escola Secundária Abel Salazar,Normal,Matosinhos,2.73
Escola Secundária de Odivelas,Normal,Odivelas,2.73
Escola Secundária Alves Redol,Normal,Vila Franca de Xira,2.73
Escola Secundária Drª Laura Ayres,Normal,Loulé,2.73
Escola Básica Dr. António de Sousa Agostinho,Normal,Loulé,2.72
Escola Básica de Porto Alto,Normal,Benavente,2.72
Escola Básica de Rio Tinto,Normal,Gondomar,2.72
Escola Básica Infante D. Pedro,Normal,Penela,2.71
Escola Básica de Aljezur,Normal,Aljezur,2.71
Escola Básica de Aguada de Cima,Normal,Águeda,2.7
Escola Básica Dr. António Augusto Louro,Normal,Seixal,2.7
Escola Básica Amadeu Gaudêncio,Normal,Nazaré,2.69
Escola Básica e Secundária Mestre Domingos Saraiva,Normal,Sintra,2.69
Escola Secundária do Monte da Caparica,Normal,Almada,2.68
Escola Básica Gualdim Pais,Normal,Tomar,2.66
Escola Secundária Dr. Augusto César da Silva Ferreira,Normal,Rio Maior,2.66
Escola Básica de São Lourenço,Normal,Valongo,2.66
Escola Básica Padre Alberto Neto,Normal,Sintra,2.66
Escola Básica Dr. José de Jesus Neves Júnior,Normal,Faro,2.66
Escola Básica de S. João do Estoril - Galiza,Normal,Cascais,2.64
Escola Básica de Colmeias,Normal,Leiria,2.63
Escola Secundária Júlio Dantas,Normal,Lagos,2.63
Escola Básica de Algoz,Normal,Silves,2.63
Escola Básica Dr. António da Costa Contreiras,Normal,Silves,2.62
Escola Secundária Henriques Nogueira,Normal,Torres Vedras,2.62
Escola Básica de Lousada Centro,Normal,Lousada,2.62
Escola Básica Ana Maria Ferreira Gordo,Normal,Crato,2.61
Escola Secundária de Maximinos,Normal,Braga,2.61
Escola Básica e Secundária José Relvas,Normal,Alpiarça,2.6
Escola Secundária Padre Alberto Neto,Normal,Sintra,2.58
Escola Básica Professor João Cónim,Normal,Lagoa,2.58
Escola Básica Pedro Eanes Lobato,Normal,Seixal,2.58
Escola Básica D. Dinis,Normal,Odivelas,2.58
Escola Básica e Secundária Matilde Rosa Araújo,Normal,Cascais,2.57
Escola Básica de Vialonga,Normal,Vila Franca de Xira,2.57
Escola Básica e Secundária Lima de Freitas,Normal,Setúbal,2.56
Escola Secundária de Mem Martins,Normal,Sintra,2.56
Escola Básica e Secundária Frei Gonçalo de Azevedo,Normal,Cascais,2.56
Escola Secundária de Albergaria-a-Velha,Normal,Albergaria-a-Velha,2.56
Escola Básica e Secundária Aquilino Ribeiro,Normal,Oeiras,2.55
Escola Básica Mouzinho da Silveira,Normal,Moita,2.54
Escola Secundária Fernando Namora,Normal,Amadora,2.53
Escola Básica de Eixo,Normal,Aveiro,2.53
Escola Básica e Secundária de Alvide,Normal,Cascais,2.53
Escola Básica de Pegões,Normal,Montijo,2.5
Escola Secundária Pedro Alexandrino,Normal,Odivelas,2.5
Escola Básica e Secundária José Silvestre Ribeiro,Normal,Idanha-a-Nova,2.5
Escola Básica e Secundária José Gomes Ferreira,Normal,Ferreira do Alentejo,2.5
Escola Básica Fialho de Almeida,Normal,Cuba,2.5
Escola Secundária Frei Heitor Pinto,Normal,Covilhã,2.49
Escola Básica Marquesa de Alorna,Normal,Lisboa,2.48
Escola Básica Prof. Pedro d' Orey da Cunha,Normal,Amadora,2.48
Escola Básica Luísa Todi,Normal,Setúbal,2.48
Escola Básica Rainha D. Leonor de Lencastre,Normal,Sintra,2.47
Escola Básica General Humberto Delgado,Normal,Loures,2.45
Escola Secundária Matias Aires,Normal,Sintra,2.45
Escola Secundária de Vendas Novas,Normal,Vendas Novas,2.45
Escola Secundária com 3º Ciclo de Sacavém,Normal,Loures,2.43
Escola Básica Professor Galopim de Carvalho,Normal,Sintra,2.4
Escola Secundária D. Manuel Martins,Normal,Setúbal,2.37
Escola Básica e Secundária Francisco Simões,Normal,Almada,2.35
Escola Básica e Secundária de Santo Antonio,Normal,Barreiro,2.34
Escola Secundária de Alcácer do Sal,Normal,Alcácer do Sal,2.33
Escola Básica António Sérgio,Normal,Sintra,2.32
Escola Básica Poeta Emiliano da Costa,Normal,Faro,2.31
Escola Básica e Secundária Passos Manuel,Normal,Lisboa,2.29
Escola Básica Visconde de Juromenha,Normal,Sintra,2.28
Escola Básica Ruy Belo,Normal,Sintra,2.17
Escola Secundária Fonseca Benevides,Normal,Lisboa,2.15
Escola Básica de São Vicente de Pereira Jusã,Normal,Ovar,3.27
Escola Básica de Minde,Normal,Alcanena,3.34
Escola Básica Prof. Dr. Ferrer Correia,Normal,Miranda do Corvo,2.88
Escola Básica n.º 2 de Teixoso,Normal,Covilhã,3.23
Escola Básica do Caramulo,Normal,Tondela,3.15
Escola Básica de Manique do Intendente,Normal,Azambuja,3.15
Escola Básica e Secundária de Vilar Formoso,Normal,Almeida,3.19
Escola Básica n.º 2 de Paúl,Normal,Covilhã,3.0
Escola Básica Nossa Senhora da Luz,Normal,Arronches,3.44
Escola Básica Garcia da Orta,Normal,Castelo de Vide,3.11
Escola Básica de Ammaia,Normal,Marvão,2.92
Escola Básica da Torreira,Normal,Murtosa,2.83
Escola Básica de Ponte das Três Entradas,Normal,Oliveira do Hospital,2.87
Escola Básica de Vilarinho do Bairro,Normal,Anadia,3.36
Escola Básica de Santo Tirso,Normal,Santo Tirso,2.8
Escola Básica de Lagares da Beira,Normal,Oliveira do Hospital,2.94
Escola Básica de Cordinha,Normal,Oliveira do Hospital,2.83
Escola Secundária Professor Doutor Flávio F. Pinto Resende,Normal,Cinfães,2.67
Escola Básica Professor Arménio Lança,Normal,Santiago do Cacém,2.37
Escola Básica de São Pedro de Alva,Normal,Penacova,2.79
Escola Básica Aristides de Sousa Mendes,Normal,Carregal do Sal,2.97
Escola Básica Dr. João Lúcio,Normal,Olhão,2.83
Escola Básica de Pias,Normal,Serpa,2.59
Escola Básica n.º 1 de Montargil,Normal,Ponte de Sor,2.25
Escola Básica e Secundária de Miranda do Douro,Normal,Miranda do Douro,2.89
Escola Básica Mestre de Avis,Normal,Avis,2.07
Escola Secundária Dr. Bernardino Machado,Normal,Figueira da Foz,2.16
Escola Básica Bernardim Ribeiro,Normal,Alcácer do Sal,2.3
Escola Básica do Couço,Normal,Coruche,2.46
Escola Secundária Lima de Faria,Normal,Cantanhede,2.53
Escola Básica de Peso da Régua,Normal,Peso da Régua,2.67
Escola Básica n.º 1 de Sabóia,Normal,Odemira,2.79
Escola Básica e Secundária Dr. José Casimiro Matias,Normal,Almeida,2.93
Escola Básica de Izeda,Normal,Bragança,3.0
Escola Básica Prof. Dr. Carlos Mota Pinto,Normal,Tondela,3.15
Escola Básica de Sendim,Normal,Miranda do Douro,3.17
Escola Básica de Vila Nova de Tazém,Normal,Gouveia,3.21
Escola Básica de Silvares,Normal,Fundão,3.27
Externato Escravas Sagrado Coração de Jesus,Privado,Porto,4.44
Colégio dos Plátanos,Privado,Sintra,4.38
Colégio Grande Colégio Universal,Privado,Porto,4.28
Colégio Rainha Santa Isabel,Privado,Coimbra,4.27
Colégio Moderno,Privado,Lisboa,4.25
Colégio D. Diogo de Sousa,Privado,Braga,4.23
Colégio Luso-Francês,Privado,Porto,4.21
Externato Senhora do Carmo,Privado,Lousada,4.19
Conservatório de Música de Barcelos,Privado,Barcelos,4.18
Colégio Nossa Senhora da Paz,Privado,Porto,4.17
Colégio São João de Brito,Privado,Lisboa,4.17
Escola de Música São Teotónio,Privado,Coimbra,4.16
Colégio Novo da Maia,Privado,Maia,4.09
Colégio Nossa Senhora de Fátima,Privado,Leiria,4.08
Colégio Nossa Senhora do Rosário,Privado,Porto,4.08
Colégio Nossa Senhora da Conceição,Privado,Guimarães,4.05
Academia de Música de Vilar do Paraíso,Privado,Vila Nova de Gaia,4.04
Colégio Manuel Bernardes,Privado,Lisboa,4.04
Colégio Santo André,Privado,Mafra,4.03
Colégio Valsassina,Privado,Lisboa,4.03
Colégio Nossa Senhora de Lourdes,Privado,Porto,4.03
Colégio Saint Peter's II School,Privado,Palmela,4.03
Colégio Infante Santo,Privado,Santarém,4.01
Colégio de Nossa Senhora da Assunção,Privado,Anadia,4.0
Colégio Internacional de Vilamoura,Privado,Loulé,4.0
Salesianos de Lisboa,Privado,Lisboa,3.97
Externato Ribadouro,Privado,Porto,3.97
Colégio Nossa Senhora da Bonança,Privado,Vila Nova de Gaia,3.96
Colégio Paulo VI,Privado,Gondomar,3.96
Colégio Oriente,Privado,Lisboa,3.95
Academia de Música de Santa Cecília,Privado,Lisboa,3.94
Salesianos do Estoril - Escola,Privado,Cascais,3.94
Externato João XXIII,Privado,Lisboa,3.93
Colégio Pedro Arrupe,Privado,Lisboa,3.93
Colégio da Via-Sacra,Privado,Viseu,3.91
Colégio Marista de Carcavelos,Privado,Cascais,3.9
Colégio Bissaya Barreto,Privado,Coimbra,3.89
Colégio do Ave,Privado,Guimarães,3.87
Colégio Euro-Atlântico,Privado,Matosinhos,3.87
Colégio do Sagrado Coração de Maria,Privado,Lisboa,3.87
Colégio Conciliar Maria Imaculada,Privado,Leiria,3.85
Academia de Música Costa Cabral,Privado,Porto,3.85
Externato Marista,Privado,Lisboa,3.85
Colégio do Vale,Privado,Almada,3.85
Colégio Santa Teresa de Jesus,Privado,Santo Tirso,3.84
Colégio Casa Mãe,Privado,Paredes,3.84
Externato da Apresentação de Maria,Privado,Funchal,3.84
Colégio João Paulo II,Privado,Braga,3.83
Colégio das Terras de Santa Maria,Privado,Santa Maria da Feira,3.83
Colégio Minerva,Privado,Barreiro,3.82
Externato Nossa Senhora do Rosário,Privado,Cascais,3.81
Colégio Atlântico,Privado,Seixal,3.81
Externato Marcelino Champagnat,Privado,Lisboa,3.8
Cooperativa de Ensino Didálvi,Privado,Barcelos,3.79
Externato da Luz,Privado,Lisboa,3.78
Colégio Vasco da Gama,Privado,Sintra,3.78
Colégio S. Tomás,Privado,Lisboa,3.78
Colégio Integrado de Monte Maior,Privado,Loures,3.78
Colégio da Bafureira,Privado,Cascais,3.78
Externato São José,Privado,Lisboa,3.78
Colégio Cesário Verde,Privado,Lisboa,3.75
Colégio de Amorim,Privado,Póvoa de Varzim,3.75
Colégio Santa Doroteia,Privado,Lisboa,3.74
Colégio Campo de Flores,Privado,Almada,3.73
Externato João Alberto Faria,Privado,Arruda dos Vinhos,3.73
Externato Frei Luís de Sousa,Privado,Almada,3.72
Escola Luís Madureira,Privado,Amadora,3.72
Colégio Nossa Senhora da Esperança,Privado,Porto,3.7
Colégio da Trofa,Privado,Trofa,3.69
Colégio de Santa Maria,Privado,Lisboa,3.69
Colégio Militar,Privado,Lisboa,3.67
Colégio da Associação Cultural e Recreativa de Fornelos,Privado,Fafe,3.65
Colégio do Minho,Privado,Viana do Castelo,3.63
Colégio Bartolomeu Dias,Privado,Loures,3.63
Colégio do Castanheiro,Privado,Ponta Delgada,3.61
Externato Camões,Privado,Gondomar,3.59
Colégio Amor de Deus,Privado,Cascais,3.59
Colégio de São José,Privado,Sintra,3.58
Colégio Salesianos,Privado,Évora,3.58
Colégio Santa Teresinha,Privado,Funchal,3.57
Externato Infante D. Henrique,Privado,Braga,3.57
Associação Escola 31 de Janeiro,Privado,Cascais,3.57
Colégio da Imaculada Conceição,Privado,Viseu,3.56
Colégio do Bom Sucesso,Privado,Lisboa,3.56
Instituto de Educação e Desenvolvimento (INED),Privado,Porto,3.55
Colégio Internato Claret,Privado,Vila Nova de Gaia,3.55
Externato Liceal de Albergaria dos Doze,Privado,Pombal,3.54
Colégio de Lamas,Privado,Santa Maria da Feira,3.54
Colégio La Salle,Privado,Barcelos,3.54
Colégio Teresiano,Privado,Braga,3.53
Instituto de Ciências Educativas,Privado,Odivelas,3.53
Colégio Guadalupe,Privado,Seixal,3.49
Instituto Militar dos Pupilos do Exército,Privado,Lisboa,3.48
Colégio São Gonçalo,Privado,Amarante,3.48
Colégio Planalto,Privado,Lisboa,3.45
Colégio José Álvaro Vidal,Privado,Vila Franca de Xira,3.43
Colégio João de Barros,Privado,Pombal,3.43
Centro Helen Keller,Privado,Lisboa,3.39
Colégio Miramar,Privado,Mafra,3.35
Externato António Sérgio,Privado,Beja,3.33
Escola Salesiana de Artes e Ofícios,Privado,Funchal,3.31
Colégio de Gaia,Privado,Vila Nova de Gaia,3.26
Colégio Dinis de Melo,Privado,Leiria,3.24
Colégio de S. Miguel,Privado,Ourém,3.23
Escola Salesiana de Manique,Privado,Cascais,3.22
Colégio Sagrado Coração de Maria,Privado,Ourém,3.21
Colégio Diocesano de Nossa Senhora da Apresentação,Privado,Vagos,3.16
Cooperativa Vale São Cosme,Privado,Vila Nova de Famalicão,3.16
Externato de Penafirme,Privado,Torres Vedras,3.15
Escola Nobel International School Algarve,Privado,Lagoa,3.13
Colégio Frei São Cristóvão,Privado,Caldas da Rainha,3.11
Instituto D. João V,Privado,Pombal,3.1
Colégio de Albergaria,Privado,Albergaria-a-Velha,3.07
Centro de Estudos Básicos e Secundários (CEBES),Privado,Porto,3.06
Centro de Estudos de Fátima,Privado,Ourém,3.05
Colégio Infante D. Henrique,Privado,Funchal,3.05
Externato Flor do Campo,Privado,Odivelas,3.04
Instituto Pedro Hispano,Privado,Soure,3.0
Colégio Júlio Dinis,Privado,Porto,2.98
Cooperativa de Ensino Didáxis,Privado,Vila Nova de Famalicão,2.98
Colégio Dr. Luís Pereira da Costa,Privado,Leiria,2.93
Externato Cooperativo da Benedita - Instituto Nª Srª da Encarnação,Privado,Alcobaça,2.91
Instituto Educativo do Juncal,Privado,Porto de Mós,2.9
Colégio Nossa Senhora da Graça,Privado,Odemira,2.85
Externato Vila Meã,Privado,Amarante,2.84
Colégio Real Colégio de Portugal,Privado,Lisboa,2.69
Instituto Vaz Serra,Privado,Sertã,2.63
Colégio Nossa Senhora da Conceição (Casa Pia),Privado,Lisboa,2.58
Colégio São Mamede,Privado,Batalha,2.48
Colégio Cidade Roda,Privado,Pombal,2.45
Externato As Descobertas,Privado,Lisboa,4.43
Colégio Cedros,Privado,Vila Nova de Gaia,4.42
Colégio Inglês de São Julião,Privado,Cascais,4.12
Instituto Nun'Alvares da Companhia de Jesus,Privado,Santo Tirso,4.1
Colégio Mira Rio,Privado,Lisboa,4.06
Colégio Horizonte,Privado,Vila Nova de Gaia,4.03
Colégio Nova Encosta,Privado,Paços de Ferreira,3.97
Colégio de São José,Privado,Coimbra,3.94
Colégio EFANOR,Privado,Matosinhos,3.93
Academia de Música de Cantanhede,Privado,Cantanhede,3.89
Escola Regional Dr. José Dinis da Fonseca,Privado,Guarda,3.83
Colégio Lamego,Privado,Lamego,3.81
Colégio Apostólico da Imaculada Conceição - Instituto Inácio de Loyola,Privado,Coimbra,3.8
Colégio Bernardette Romeira,Privado,Olhão,3.79
Colégio Raínha D. Leonor,Privado,Caldas da Rainha,3.78
Colégio Lourdes,Privado,Santo Tirso,3.77
Colégio Português,Privado,Aveiro,3.76
Colégio de São Teotónio,Privado,Coimbra,3.76
Escola Internacional de Torres Vedras,Privado,Torres Vedras,3.73
Colégio de Vizela,Privado,Vizela,3.69
Externato da Casa de São Vicente de Paulo,Privado,Lisboa,3.69
Colégio Diocesano Andrade Corvo,Privado,Torres Novas,3.69
Colégio Luso Britânico,Privado,Elvas,3.68
Colégio Ermesinde,Privado,Valongo,3.68
Colégio Quinta do Lago,Privado,Cascais,3.66
Colégio de Nossa Senhora do Alto,Privado,Faro,3.65
Externato Maria Droste,Privado,Valongo,3.62
Colégio Adventista de Oliveira do Douro,Privado,Vila Nova de Gaia,3.62
Colégio Laura Vicuña,Privado,Vendas Novas,3.58
Colégio A Quinta de Sintra,Privado,Sintra,3.58
Colégio Marca d'Água,Privado,Paços de Ferreira,3.54
Centro de Educação Integral,Privado,São João da Madeira,3.53
Externato de Santa Joana,Privado,Valongo,3.47
Externato São João Bosco,Privado,Matosinhos,3.44
Externato Carvalho Araújo,Privado,Braga,3.42
Escola Grémio de Instrução Liberal de Campo de Ourique,Privado,Lisboa,3.3
Salesianos do Porto Colégio,Privado,Porto,3.29
Externato Nossa Senhora do Perpétuo Socorro,Privado,Porto,3.29
Salesianos de Mogofores - Colégio,Privado,Anadia,3.25
Colégio D. Luísa Sigea,Privado,Cascais,3.2
Escola São Francisco Xavier,Privado,Lisboa,3.16
Colégio Senhora da Boa Nova,Privado,Cascais,3.15
Colégio de S. José de Bairros,Privado,Lousada,3.15
Colégio Académico,Privado,Lisboa,3.07
Escola Regional Dr. José Dinis da Fonseca,Privado,Sabugal,3.0
Externato Capitão Santiago de Carvalho,Privado,Fundão,2.88
Externato Educação Popular,Privado,Lisboa,2.61
Colégio Arautos do Evangelho,Privado,Guimarães,2.6
Externato Nossa Senhora Penha de França,Privado,Lisboa,2.5
Colégio São Filipe,Privado,Setúbal,2.3
Colégio D. Filipa,Privado,Amadora,2.25
Instituto Jacob Rodrigues Pereira,Privado,Lisboa,2.25
Colégio Maria Pia (Casa Pia de Lisboa),Privado,Lisboa,2.19
Colégio D. Nuno Álvares Pereira,Privado,Lisboa,2.13
